<publishData>
  <publishTarget publishUrl="D:\Working space\.Net Project\Tia-solutions\adminPublish\">
    <file relUrl="Content/kendo/style/CustomThemes/Default/imagebrowser.png" publishTime="07/03/2013 16:26:37" />
    <file relUrl="Views/Home/Portfolio2.aspx" publishTime="08/06/2013 16:23:13" />
    <file relUrl="Content/images/logo.png" publishTime="01/10/2013 17:29:44" />
    <file relUrl="Content/images/latest-projects/project03.jpg" publishTime="03/19/2012 15:09:30" />
    <file relUrl="Content/kendo/style/CustomThemes/Bootstrap/imagebrowser.png" publishTime="03/19/2013 18:03:54" />
    <file relUrl="Global.asax" publishTime="08/07/2013 12:55:17" />
    <file relUrl="Views/Home/Index.aspx" publishTime="08/30/2013 14:19:49" />
    <file relUrl="Content/kendo/style/CustomThemes/Default/loading.gif" publishTime="07/03/2013 16:26:37" />
    <file relUrl="Content/kendo/style/CustomThemes/textures/dots5.png" publishTime="03/19/2013 18:03:54" />
    <file relUrl="Views/Career/Apply.aspx" publishTime="09/05/2013 14:50:57" />
    <file relUrl="Areas/admin/Views/List/Index.aspx" publishTime="08/28/2013 11:39:09" />
    <file relUrl="Content/icons/edit.png" publishTime="12/21/2012 10:16:10" />
    <file relUrl="Content/js/jquery.prettyPhoto.js" publishTime="08/10/2013 14:57:39" />
    <file relUrl="Content/images/latest-projects/project01.jpg" publishTime="08/05/2013 15:22:29" />
    <file relUrl="Content/kendo/style/CustomThemes/textures/leather2.png" publishTime="03/19/2013 18:03:54" />
    <file relUrl="Views/Home/MobileApp.aspx" publishTime="08/23/2013 15:03:13" />
    <file relUrl="Content/images/customLogo.png" publishTime="08/06/2013 15:57:47" />
    <file relUrl="Views/Web.config" publishTime="08/07/2013 12:55:17" />
    <file relUrl="Scripts/MicrosoftMvcValidation.debug.js" publishTime="08/05/2013 12:27:17" />
    <file relUrl="Content/images/search.png" publishTime="07/31/2013 10:07:16" />
    <file relUrl="Content/images/latest-projects/budjet_larg.jpg" publishTime="08/05/2013 15:22:29" />
    <file relUrl="Content/kendo/style/CustomThemes/textures/stripe2.png" publishTime="03/19/2013 18:03:54" />
    <file relUrl="Content/kendo/style/CustomThemes/textures/stripe3.png" publishTime="03/19/2013 18:03:54" />
    <file relUrl="Areas/admin/Views/Archive/Index.aspx" publishTime="08/28/2013 11:38:05" />
    <file relUrl="tip-yellowsimple/tip-yellowsimple.css" publishTime="08/31/2013 16:49:57" />
    <file relUrl="Views/Error/Index.aspx" publishTime="08/30/2013 16:16:48" />
    <file relUrl="Content/kendo/style/CustomThemes/custom_gray_blue.css" publishTime="07/03/2013 16:51:35" />
    <file relUrl="Content/kendo/style/CustomThemes/textures/brushed-metal.png" publishTime="03/19/2013 18:03:54" />
    <file relUrl="Content/kendo/style/CustomThemes/Bootstrap/loading.gif" publishTime="03/19/2013 18:03:54" />
    <file relUrl="Views/Shared/SiteAdmin.Master" publishTime="08/30/2013 14:17:52" />
    <file relUrl="Content/kendo/style/CustomThemes/BlueOpal/imagebrowser.png" publishTime="03/19/2013 18:03:54" />
    <file relUrl="Content/images/careers.png" publishTime="08/06/2013 15:13:45" />
    <file relUrl="Content/kendo/js/jquery.min.js" publishTime="03/19/2013 18:03:54" />
    <file relUrl="tip-yellowsimple/tip-yellowsimple_arrows.gif" publishTime="01/10/2013 17:29:54" />
    <file relUrl="Content/images/latest-projects/larger-images/1.png" publishTime="08/10/2013 15:51:48" />
    <file relUrl="Content/kendo/style/Default/editor.png" publishTime="03/19/2013 18:03:54" />
    <file relUrl="Content/kendo/style/CustomThemes/Default/sprite@2x.png" publishTime="07/03/2013 16:26:37" />
    <file relUrl="Views/Home/Portfolio.aspx" publishTime="08/10/2013 12:27:19" />
    <file relUrl="Scripts/jquery.validate.js" publishTime="08/05/2013 12:27:17" />
    <file relUrl="Content/images/slider/controls/Technologies.png" publishTime="08/05/2013 14:06:48" />
    <file relUrl="Content/css/demo.css" publishTime="08/10/2013 10:19:18" />
    <file relUrl="Content/images/joomlacolor.png" publishTime="08/05/2013 17:15:17" />
    <file relUrl="Content/images/Close.png" publishTime="08/01/2013 17:19:19" />
    <file relUrl="Content/kendo/style/CustomThemes/textures/dots8.png" publishTime="03/19/2013 18:03:54" />
    <file relUrl="Content/images/bg_border_dot.gif" publishTime="08/06/2013 14:51:09" />
    <file relUrl="Content/images/android.png" publishTime="08/05/2013 17:15:17" />
    <file relUrl="Content/images/close_btn.png" publishTime="02/07/2013 16:36:34" />
    <file relUrl="Content/kendo/js/jquery-1.8.3.min.js" publishTime="03/22/2013 18:54:58" />
    <file relUrl="Content/images/Windows.jpg" publishTime="08/07/2013 12:54:25" />
    <file relUrl="Log/appLog.txt" publishTime="08/30/2013 15:17:03" />
    <file relUrl="Areas/admin/Views/Account/Login.aspx" publishTime="08/22/2013 16:55:44" />
    <file relUrl="Views/Home/MSDotNet.aspx" publishTime="08/13/2013 10:35:04" />
    <file relUrl="Content/kendo/style/CustomThemes/textures/dots12.png" publishTime="03/19/2013 18:03:54" />
    <file relUrl="Content/kendo/style/examples-offline.css" publishTime="03/19/2013 18:03:54" />
    <file relUrl="Content/images/twitter.png" publishTime="07/31/2013 10:04:11" />
    <file relUrl="Content/images/facebook.png" publishTime="07/31/2013 10:05:07" />
    <file relUrl="Content/kendo/style/CustomThemes/Default/slider-v.gif" publishTime="07/03/2013 16:26:37" />
    <file relUrl="Content/images/email.png" publishTime="08/01/2013 13:40:18" />
    <file relUrl="Content/images/3column.png" publishTime="03/23/2012 15:18:48" />
    <file relUrl="Scripts/jquery.validate-vsdoc.js" publishTime="08/05/2013 12:27:17" />
    <file relUrl="Content/images/slider/controls/Home.png" publishTime="08/05/2013 17:02:37" />
    <file relUrl="tip-yellowsimple/jquery.poshytip.min.js" publishTime="01/10/2013 17:29:54" />
    <file relUrl="Content/css/main.css" publishTime="03/28/2012 12:38:20" />
    <file relUrl="Content/images/latest-projects/iphone_largicon/Armchair.png" publishTime="08/06/2013 12:01:58" />
    <file relUrl="Content/kendo/style/CustomThemes/BlueOpal/editor.png" publishTime="03/19/2013 18:03:54" />
    <file relUrl="Content/images/linkedin.png" publishTime="07/31/2013 10:03:55" />
    <file relUrl="Content/images/latest-projects/larger-images/Budget Planner.png" publishTime="08/05/2013 15:17:38" />
    <file relUrl="Content/images/technology.png" publishTime="08/01/2013 12:39:16" />
    <file relUrl="Content/kendo/style/CustomThemes/textures/dots3.png" publishTime="03/19/2013 18:03:54" />
    <file relUrl="Content/images/slider/controls/arrow-next.png" publishTime="08/01/2013 15:39:22" />
    <file relUrl="Views/Home/Career.aspx" publishTime="08/10/2013 12:56:42" />
    <file relUrl="Content/images/arrow-down.png" publishTime="03/19/2012 09:19:04" />
    <file relUrl="Scripts/jquery-1.4.1.min.js" publishTime="08/05/2013 12:27:17" />
    <file relUrl="Content/images/arrow-up.png" publishTime="03/19/2012 14:43:24" />
    <file relUrl="Content/kendo/style/CustomThemes/custom_blue_opal.css" publishTime="07/03/2013 16:34:34" />
    <file relUrl="Content/kendo/js/kendo.web.min.js" publishTime="03/19/2013 18:03:54" />
    <file relUrl="Content/images/latest-projects/iphone_largicon/Concrete.png" publishTime="08/06/2013 10:40:11" />
    <file relUrl="Content/kendo/js/console.js" publishTime="03/19/2013 18:03:54" />
    <file relUrl="Content/css/styleWeHire.css" publishTime="08/26/2013 09:47:19" />
    <file relUrl="Content/kendo/style/CustomThemes/Bootstrap/slider-v.gif" publishTime="03/19/2013 18:03:54" />
    <file relUrl="Content/css/prettyPhoto.css" publishTime="03/28/2012 12:42:20" />
    <file relUrl="Content/kendo/style/Default/sprite.png" publishTime="03/19/2013 18:03:54" />
    <file relUrl="Content/kendo/style/CustomThemes/textures/hue.png" publishTime="03/19/2013 18:03:54" />
    <file relUrl="Content/kendo/style/CustomThemes/Default/slider-h.gif" publishTime="07/03/2013 16:26:37" />
    <file relUrl="Content/kendo/style/CustomThemes/Bootstrap/sprite@2x.png" publishTime="03/19/2013 18:03:54" />
    <file relUrl="Content/images/mail_small.png" publishTime="07/30/2013 16:57:22" />
    <file relUrl="Content/images/slider/controls/arrow-prev.png" publishTime="08/01/2013 15:39:40" />
    <file relUrl="Content/kendo/style/CustomThemes/textures/stripe1.png" publishTime="03/19/2013 18:03:54" />
    <file relUrl="Content/kendo/style/CustomThemes/textures/dots1.png" publishTime="03/19/2013 18:03:54" />
    <file relUrl="Content/js/jquery-latest.js" publishTime="01/10/2013 17:29:54" />
    <file relUrl="Content/images/latest-projects/manly.jpg" publishTime="08/05/2013 15:30:28" />
    <file relUrl="Content/kendo/style/CustomThemes/Bootstrap/slider-h.gif" publishTime="03/19/2013 18:03:54" />
    <file relUrl="Content/images/project_img1.png" publishTime="08/02/2013 14:09:35" />
    <file relUrl="Areas/admin/Views/TP/Index.aspx" publishTime="08/28/2013 11:37:40" />
    <file relUrl="Scripts/jquery-1.4.1-vsdoc.js" publishTime="08/05/2013 12:27:17" />
    <file relUrl="Content/kendo/style/CustomThemes/textures/noise.png" publishTime="03/19/2013 18:03:54" />
    <file relUrl="Content/kendo/style/CustomThemes/Default/loading-image.gif" publishTime="07/03/2013 16:26:37" />
    <file relUrl="Scripts/jquery-1.4.1.js" publishTime="08/05/2013 12:27:17" />
    <file relUrl="Content/images/latest-projects/iphone_largicon/Budget Planner.png" publishTime="08/05/2013 15:17:38" />
    <file relUrl="Web.config" publishTime="08/30/2013 15:08:11" />
    <file relUrl="Content/kendo/style/CustomThemes/textures/stripe6.png" publishTime="03/19/2013 18:03:54" />
    <file relUrl="Scripts/jquery.validate.min-vsdoc.js" publishTime="08/05/2013 12:27:17" />
    <file relUrl="Content/kendo/style/CustomThemes/textures/dots6.png" publishTime="03/19/2013 18:03:54" />
    <file relUrl="Content/images/project_Andi.png" publishTime="08/05/2013 15:38:26" />
    <file relUrl="Scripts/jquery-1.4.1.min-vsdoc.js" publishTime="08/05/2013 12:27:17" />
    <file relUrl="Content/images/location.png" publishTime="08/06/2013 10:33:02" />
    <file relUrl="Content/kendo/style/CustomThemes/BlueOpal/loading.gif" publishTime="03/19/2013 18:03:54" />
    <file relUrl="Content/images/project_img3.png" publishTime="08/02/2013 14:13:36" />
    <file relUrl="Content/kendo/style/CustomThemes/BlueOpal/sprite.png" publishTime="03/19/2013 18:03:54" />
    <file relUrl="Content/images/4column.png" publishTime="03/23/2012 15:18:58" />
    <file relUrl="Content/images/slider/controls/index.html" publishTime="02/29/2012 12:50:48" />
    <file relUrl="Content/kendo/style/CustomThemes/textures/transtexture.png" publishTime="03/19/2013 18:03:54" />
    <file relUrl="Content/images/latest-projects/iphone_largicon/ChordSense.png" publishTime="08/06/2013 12:19:59" />
    <file relUrl="Content/images/project_Mobile.png" publishTime="08/05/2013 15:37:51" />
    <file relUrl="Content/kendo/style/Default/loading-image.gif" publishTime="03/19/2013 18:03:54" />
    <file relUrl="Content/images/latest-projects/larger-images/largeimage.jpg" publishTime="08/05/2013 13:53:15" />
    <file relUrl="Content/images/latest-projects/iphone_largicon/Relaxation.png" publishTime="08/06/2013 12:18:13" />
    <file relUrl="Content/js/jquery.nivo.slider.js" publishTime="12/13/2011 09:43:44" />
    <file relUrl="Scripts/MicrosoftAjax.debug.js" publishTime="08/05/2013 12:27:17" />
    <file relUrl="Content/kendo/style/Default/slider-v.gif" publishTime="03/19/2013 18:03:54" />
    <file relUrl="Content/images/badge.png" publishTime="08/08/2013 16:41:24" />
    <file relUrl="Content/images/line.png" publishTime="07/31/2013 12:34:02" />
    <file relUrl="Content/images/Carreerloader.gif" publishTime="12/18/2012 12:11:12" />
    <file relUrl="Content/kendo/style/CustomThemes/textures/dots4.png" publishTime="03/19/2013 18:03:54" />
    <file relUrl="Content/images/slider/controls/3.jpg" publishTime="08/01/2013 15:05:48" />
    <file relUrl="Content/images/latest-projects/larger-images/iphone_shotcut.png" publishTime="08/06/2013 10:23:07" />
    <file relUrl="Content/kendo/style/kendo.common.min.css" publishTime="03/19/2013 18:03:54" />
    <file relUrl="Content/images/c_location.png" publishTime="08/05/2013 10:56:33" />
    <file relUrl="Content/kendo/style/CustomThemes/Bootstrap/loading-image.gif" publishTime="03/19/2013 18:03:54" />
    <file relUrl="Content/icons/cancel.png" publishTime="08/16/2013 09:40:03" />
    <file relUrl="Views/Home/AboutUs.aspx" publishTime="08/10/2013 12:21:52" />
    <file relUrl="Content/images/project_Website.png" publishTime="08/05/2013 15:37:51" />
    <file relUrl="Content/kendo/style/CustomThemes/BlueOpal/sprite@2x.png" publishTime="03/19/2013 18:03:54" />
    <file relUrl="Content/icons/add.png" publishTime="12/21/2012 10:16:02" />
    <file relUrl="Scripts/l.js" publishTime="08/17/2013 10:29:30" />
    <file relUrl="Content/images/project_Iphone.png" publishTime="08/05/2013 15:37:51" />
    <file relUrl="Content/images/slider.jpg" publishTime="07/31/2013 11:44:53" />
    <file relUrl="Scripts/responsiveslides.min.js" publishTime="08/17/2013 10:29:30" />
    <file relUrl="Scripts/ga.js" publishTime="08/17/2013 10:29:30" />
    <file relUrl="Content/images/latest-projects/iphone_largicon/dogcute.png" publishTime="08/06/2013 10:44:18" />
    <file relUrl="Content/kendo/style/CustomThemes/textures/leather1.png" publishTime="03/19/2013 18:03:54" />
    <file relUrl="Content/kendo/style/CustomThemes/textures/glass-lighter.png" publishTime="03/19/2013 18:03:54" />
    <file relUrl="Content/js/jquery-1.7.2.min.js" publishTime="09/06/2012 17:03:10" />
    <file relUrl="Content/icons/download.png" publishTime="08/16/2013 09:40:56" />
    <file relUrl="Content/css/style.css" publishTime="08/31/2013 16:34:54" />
    <file relUrl="Content/js/custom.js" publishTime="08/19/2013 10:56:54" />
    <file relUrl="Content/images/iPad.png" publishTime="08/05/2013 15:52:00" />
    <file relUrl="Content/images/calendar_small.png" publishTime="07/30/2013 16:57:03" />
    <file relUrl="Content/images/project_Ipad.png" publishTime="08/05/2013 15:33:17" />
    <file relUrl="Content/js/twitter.js" publishTime="03/19/2012 16:31:04" />
    <file relUrl="Content/css/transitions.css" publishTime="07/31/2013 11:40:05" />
    <file relUrl="Content/kendo/style/Default/loading.gif" publishTime="03/19/2013 18:03:54" />
    <file relUrl="Content/kendo/style/Default/slider-h.gif" publishTime="03/19/2013 18:03:54" />
    <file relUrl="Content/kendo/style/kendo.default.min.css" publishTime="08/08/2013 17:00:58" />
    <file relUrl="Content/kendo/style/CustomThemes/textures/dots9.png" publishTime="03/19/2013 18:03:54" />
    <file relUrl="Views/Home/Approach.aspx" publishTime="08/10/2013 12:23:14" />
    <file relUrl="Scripts/MicrosoftAjax.js" publishTime="08/05/2013 12:27:17" />
    <file relUrl="Content/js/jquery.validate.js" publishTime="01/10/2013 17:29:54" />
    <file relUrl="Content/images/contact.png" publishTime="08/01/2013 13:39:57" />
    <file relUrl="Content/js/jquery.isotope.min.js" publishTime="03/23/2012 13:19:00" />
    <file relUrl="Content/images/latest-projects/iphone_largicon/peak.png" publishTime="08/06/2013 12:22:41" />
    <file relUrl="Content/images/slider/controls/Careers.png" publishTime="08/05/2013 14:06:48" />
    <file relUrl="Content/icons/ok.png" publishTime="12/21/2012 10:16:14" />
    <file relUrl="Views/Home/Portfolio1.aspx" publishTime="08/07/2013 11:15:49" />
    <file relUrl="Content/kendo/style/CustomThemes/textures/dots11.png" publishTime="03/19/2013 18:03:54" />
    <file relUrl="Content/kendo/style/CustomThemes/textures/dots10.png" publishTime="03/19/2013 18:03:54" />
    <file relUrl="Content/kendo/style/CustomThemes/BlueOpal/slider-v.gif" publishTime="03/19/2013 18:03:54" />
    <file relUrl="Content/kendo/style/CustomThemes/textures/stripe5.png" publishTime="03/19/2013 18:03:54" />
    <file relUrl="Content/kendo/style/CustomThemes/textures/dots13.png" publishTime="03/19/2013 18:03:54" />
    <file relUrl="Content/images/tiasolutionsLogo.png" publishTime="08/06/2013 15:57:47" />
    <file relUrl="Scripts/MicrosoftMvcAjax.debug.js" publishTime="08/05/2013 12:27:17" />
    <file relUrl="Content/kendo/style/CustomThemes/BlueOpal/loading-image.gif" publishTime="03/19/2013 18:03:54" />
    <file relUrl="Content/kendo/style/CustomThemes/Default/editor.png" publishTime="07/03/2013 16:26:37" />
    <file relUrl="Content/kendo/style/CustomThemes/textures/transparency.png" publishTime="03/19/2013 18:03:54" />
    <file relUrl="Content/kendo/style/CustomThemes/textures/stripe4.png" publishTime="03/19/2013 18:03:54" />
    <file relUrl="Content/kendo/style/CustomThemes/Default/sprite.png" publishTime="07/03/2013 16:26:37" />
    <file relUrl="Content/images/latest-projects/iphone_largicon/lane cove.png" publishTime="08/05/2013 14:29:18" />
    <file relUrl="Areas/admin/Views/Web.config" publishTime="08/12/2013 14:07:37" />
    <file relUrl="Content/kendo/style/CustomThemes/textures/glass.png" publishTime="03/19/2013 18:03:54" />
    <file relUrl="Content/css/media.css" publishTime="08/02/2013 15:21:07" />
    <file relUrl="Views/Shared/PortfolioSite.Master" publishTime="08/26/2013 09:54:35" />
    <file relUrl="Content/kendo/style/CustomThemes/Bootstrap/editor.png" publishTime="03/19/2013 18:03:54" />
    <file relUrl="Content/kendo/style/CustomThemes/textures/dots2.png" publishTime="03/19/2013 18:03:54" />
    <file relUrl="Scripts/CustomLoader.js" publishTime="08/10/2013 15:56:13" />
    <file relUrl="Content/images/2column.png" publishTime="03/23/2012 15:18:40" />
    <file relUrl="Views/Home/Technologies.aspx" publishTime="08/10/2013 12:29:26" />
    <file relUrl="Content/images/slider/controls/Contactus.png" publishTime="08/05/2013 14:06:48" />
    <file relUrl="Content/images/slider/controls/loading.gif" publishTime="06/01/2011 20:43:46" />
    <file relUrl="bin/TiaSolutions.Core.pdb" publishTime="09/03/2013 14:35:38" />
    <file relUrl="Content/images/error.png" publishTime="08/30/2013 16:12:03" />
    <file relUrl="Content/images/latest-projects/project02.jpg" publishTime="08/05/2013 15:24:05" />
    <file relUrl="Views/Home/ContactUs.aspx" publishTime="08/30/2013 12:26:23" />
    <file relUrl="Content/images/project_img.png" publishTime="08/01/2013 11:06:56" />
    <file relUrl="Content/images/latest-projects/larger-images/budget_larg.png" publishTime="08/06/2013 10:24:34" />
    <file relUrl="Scripts/MicrosoftMvcAjax.js" publishTime="08/05/2013 12:27:17" />
    <file relUrl="Content/images/arow.png" publishTime="08/01/2013 12:21:11" />
    <file relUrl="Content/images/latest-projects/project04.jpg" publishTime="08/05/2013 15:07:53" />
    <file relUrl="Views/Career/Refresh.ascx" publishTime="08/07/2013 16:06:30" />
    <file relUrl="bin/TiaSolutions.Web.pdb" publishTime="09/03/2013 14:35:39" />
    <file relUrl="Content/images/iphone.png" publishTime="08/05/2013 17:15:31" />
    <file relUrl="Content/kendo/style/Default/sprite@2x.png" publishTime="03/19/2013 18:03:54" />
    <file relUrl="Content/images/latest-projects/iphone_largicon/eazywedng.png" publishTime="08/05/2013 14:18:06" />
    <file relUrl="Content/images/news_frame.png" publishTime="07/30/2013 16:56:18" />
    <file relUrl="Content/Site.css" publishTime="08/05/2013 12:27:17" />
    <file relUrl="Content/kendo/style/CustomThemes/textures/highlight.png" publishTime="03/19/2013 18:03:54" />
    <file relUrl="Content/images/mobile-slider1.png" publishTime="08/05/2013 16:55:50" />
    <file relUrl="Content/kendo/style/CustomThemes/BlueOpal/slider-h.gif" publishTime="03/19/2013 18:03:54" />
    <file relUrl="Content/images/social-slider.png" publishTime="08/02/2013 16:31:24" />
    <file relUrl="Views/Shared/WeHireView.ascx" publishTime="08/23/2013 13:59:28" />
    <file relUrl="Scripts/MicrosoftMvcValidation.js" publishTime="08/05/2013 12:27:17" />
    <file relUrl="Content/kendo/style/CustomThemes/textures/hsv-gradient.png" publishTime="03/19/2013 18:03:54" />
    <file relUrl="bin/TiaSolutions.Core.dll" publishTime="09/03/2013 14:35:38" />
    <file relUrl="Content/CustomLoader.css" publishTime="08/10/2013 15:58:06" />
    <file relUrl="Content/kendo/style/CustomThemes/Bootstrap/sprite.png" publishTime="03/19/2013 18:03:54" />
    <file relUrl="Views/Home/Portfolio3.aspx" publishTime="08/14/2013 09:24:34" />
    <file relUrl="Content/images/project_img4.png" publishTime="08/02/2013 14:14:16" />
    <file relUrl="Content/images/latest-projects/larger-images/manly.png" publishTime="08/06/2013 10:25:41" />
    <file relUrl="Content/kendo/style/CustomThemes/textures/dots7.png" publishTime="03/19/2013 18:03:54" />
    <file relUrl="Content/images/slider/controls/2.jpg" publishTime="08/01/2013 15:05:27" />
    <file relUrl="Content/kendo/style/Default/imagebrowser.png" publishTime="03/19/2013 18:03:54" />
    <file relUrl="tip-yellowsimple/jquery.poshytip.js" publishTime="01/10/2013 17:29:54" />
    <file relUrl="Content/images/project_img2.png" publishTime="08/02/2013 14:12:48" />
    <file relUrl="Scripts/jquery.min.js" publishTime="08/17/2013 10:29:30" />
    <file relUrl="Content/icons/detail.png" publishTime="08/16/2013 09:46:27" />
    <file relUrl="Content/images/slider/controls/1.jpg" publishTime="08/01/2013 15:05:56" />
    <file relUrl="Scripts/jquery.validate.min.js" publishTime="08/05/2013 12:27:17" />
    <file relUrl="Views/Shared/Site.Master" publishTime="08/31/2013 16:36:01" />
    <file relUrl="Content/images/latest-projects/iphone_largicon/jamspeak.png" publishTime="08/05/2013 14:35:59" />
    <file relUrl="Content/images/devloper_line.png" publishTime="07/31/2013 12:40:26" />
    <file relUrl="Areas/admin/Views/ICP/Index.aspx" publishTime="09/03/2013 14:38:48" />
    <file relUrl="Views/Career/Index.aspx" publishTime="08/10/2013 11:57:48" />
    <file relUrl="bin/TiaSolutions.Web.dll" publishTime="09/03/2013 14:35:39" />
    <file relUrl="JpegImage.aspx" publishTime="08/07/2013 15:48:02" />
  </publishTarget>
  <publishTarget publishUrl="D:\Working space\.Net Project\Tia-solutions\publish\">
    <file relUrl="Content/kendo/style/CustomThemes/Default/imagebrowser.png" publishTime="07/03/2013 16:26:37" />
    <file relUrl="Views/Home/Portfolio2.aspx" publishTime="08/06/2013 16:23:13" />
    <file relUrl="Content/images/logo.png" publishTime="01/10/2013 17:29:44" />
    <file relUrl="Content/images/latest-projects/project03.jpg" publishTime="03/19/2012 15:09:30" />
    <file relUrl="Content/kendo/style/CustomThemes/Bootstrap/imagebrowser.png" publishTime="03/19/2013 18:03:54" />
    <file relUrl="Global.asax" publishTime="08/07/2013 12:55:17" />
    <file relUrl="Views/Home/Index.aspx" publishTime="08/10/2013 14:07:20" />
    <file relUrl="Content/kendo/style/CustomThemes/Default/loading.gif" publishTime="07/03/2013 16:26:37" />
    <file relUrl="Content/kendo/style/CustomThemes/textures/dots5.png" publishTime="03/19/2013 18:03:54" />
    <file relUrl="Content/images/3column.png" publishTime="03/23/2012 15:18:48" />
    <file relUrl="Content/js/jquery.prettyPhoto.js" publishTime="08/10/2013 14:57:39" />
    <file relUrl="Content/images/latest-projects/iphone_largicon/eazywedng.png" publishTime="08/05/2013 14:18:06" />
    <file relUrl="Content/kendo/style/CustomThemes/textures/leather2.png" publishTime="03/19/2013 18:03:54" />
    <file relUrl="Views/Home/MobileApp.aspx" publishTime="08/10/2013 12:26:04" />
    <file relUrl="Content/images/customLogo.png" publishTime="08/06/2013 15:57:47" />
    <file relUrl="Views/Web.config" publishTime="08/07/2013 12:55:17" />
    <file relUrl="Scripts/MicrosoftMvcValidation.debug.js" publishTime="08/05/2013 12:27:17" />
    <file relUrl="Content/images/search.png" publishTime="07/31/2013 10:07:16" />
    <file relUrl="Content/kendo/style/CustomThemes/textures/stripe2.png" publishTime="03/19/2013 18:03:54" />
    <file relUrl="Content/js/jquery-1.7.2.min.js" publishTime="09/06/2012 17:03:10" />
    <file relUrl="Content/kendo/style/CustomThemes/textures/stripe3.png" publishTime="03/19/2013 18:03:54" />
    <file relUrl="tip-yellowsimple/tip-yellowsimple.css" publishTime="01/10/2013 17:29:54" />
    <file relUrl="Content/kendo/style/CustomThemes/custom_gray_blue.css" publishTime="07/03/2013 16:51:35" />
    <file relUrl="Content/kendo/style/CustomThemes/textures/brushed-metal.png" publishTime="03/19/2013 18:03:54" />
    <file relUrl="Content/kendo/style/CustomThemes/BlueOpal/imagebrowser.png" publishTime="03/19/2013 18:03:54" />
    <file relUrl="Content/images/careers.png" publishTime="08/06/2013 15:13:45" />
    <file relUrl="Content/kendo/js/jquery.min.js" publishTime="03/19/2013 18:03:54" />
    <file relUrl="tip-yellowsimple/tip-yellowsimple_arrows.gif" publishTime="01/10/2013 17:29:54" />
    <file relUrl="Content/images/latest-projects/larger-images/1.png" publishTime="08/10/2013 15:51:48" />
    <file relUrl="Content/kendo/style/CustomThemes/textures/dots2.png" publishTime="03/19/2013 18:03:54" />
    <file relUrl="Content/kendo/style/Default/editor.png" publishTime="03/19/2013 18:03:54" />
    <file relUrl="Content/images/latest-projects/iphone_largicon/ChordSense.png" publishTime="08/06/2013 12:19:59" />
    <file relUrl="Content/kendo/style/CustomThemes/Default/sprite@2x.png" publishTime="07/03/2013 16:26:37" />
    <file relUrl="Views/Home/Portfolio.aspx" publishTime="08/10/2013 12:27:19" />
    <file relUrl="Scripts/jquery.validate.js" publishTime="08/05/2013 12:27:17" />
    <file relUrl="Content/images/slider/controls/Technologies.png" publishTime="08/05/2013 14:06:48" />
    <file relUrl="Content/css/demo.css" publishTime="08/10/2013 10:19:18" />
    <file relUrl="Content/images/joomlacolor.png" publishTime="08/05/2013 17:15:17" />
    <file relUrl="Content/images/Close.png" publishTime="08/01/2013 17:19:19" />
    <file relUrl="Content/kendo/style/CustomThemes/textures/dots8.png" publishTime="03/19/2013 18:03:54" />
    <file relUrl="Content/images/bg_border_dot.gif" publishTime="08/06/2013 14:51:09" />
    <file relUrl="Content/images/android.png" publishTime="08/05/2013 17:15:17" />
    <file relUrl="Content/images/close_btn.png" publishTime="02/07/2013 16:36:34" />
    <file relUrl="Content/images/Windows.jpg" publishTime="08/07/2013 12:54:25" />
    <file relUrl="Views/Home/MSDotNet.aspx" publishTime="08/10/2013 12:26:49" />
    <file relUrl="Content/kendo/style/CustomThemes/textures/dots12.png" publishTime="03/19/2013 18:03:54" />
    <file relUrl="Content/images/twitter.png" publishTime="07/31/2013 10:04:11" />
    <file relUrl="Content/images/facebook.png" publishTime="07/31/2013 10:05:07" />
    <file relUrl="Content/kendo/style/CustomThemes/Default/slider-v.gif" publishTime="07/03/2013 16:26:37" />
    <file relUrl="Content/images/email.png" publishTime="08/01/2013 13:40:18" />
    <file relUrl="Scripts/jquery.validate-vsdoc.js" publishTime="08/05/2013 12:27:17" />
    <file relUrl="Content/images/slider/controls/Home.png" publishTime="08/05/2013 17:02:37" />
    <file relUrl="tip-yellowsimple/jquery.poshytip.min.js" publishTime="01/10/2013 17:29:54" />
    <file relUrl="Content/css/main.css" publishTime="03/28/2012 12:38:20" />
    <file relUrl="Content/images/latest-projects/iphone_largicon/Armchair.png" publishTime="08/06/2013 12:01:58" />
    <file relUrl="Content/kendo/style/CustomThemes/BlueOpal/editor.png" publishTime="03/19/2013 18:03:54" />
    <file relUrl="Content/images/linkedin.png" publishTime="07/31/2013 10:03:55" />
    <file relUrl="Content/images/latest-projects/larger-images/Budget Planner.png" publishTime="08/05/2013 15:17:38" />
    <file relUrl="Content/images/technology.png" publishTime="08/01/2013 12:39:16" />
    <file relUrl="Content/kendo/style/CustomThemes/textures/dots3.png" publishTime="03/19/2013 18:03:54" />
    <file relUrl="Views/Shared/PortfolioSite.Master" publishTime="08/10/2013 15:20:06" />
    <file relUrl="Content/images/slider/controls/arrow-next.png" publishTime="08/01/2013 15:39:22" />
    <file relUrl="Views/Home/Career.aspx" publishTime="08/10/2013 12:56:42" />
    <file relUrl="Content/images/arrow-down.png" publishTime="03/19/2012 09:19:04" />
    <file relUrl="Scripts/jquery-1.4.1.min.js" publishTime="08/05/2013 12:27:17" />
    <file relUrl="Content/images/arrow-up.png" publishTime="03/19/2012 14:43:24" />
    <file relUrl="Content/kendo/style/CustomThemes/custom_blue_opal.css" publishTime="07/03/2013 16:34:34" />
    <file relUrl="Content/kendo/js/kendo.web.min.js" publishTime="03/19/2013 18:03:54" />
    <file relUrl="Content/images/latest-projects/iphone_largicon/Concrete.png" publishTime="08/06/2013 10:40:11" />
    <file relUrl="Content/kendo/js/console.js" publishTime="03/19/2013 18:03:54" />
    <file relUrl="Views/Career/Apply.aspx" publishTime="08/12/2013 12:01:12" />
    <file relUrl="Content/kendo/style/CustomThemes/Bootstrap/slider-v.gif" publishTime="03/19/2013 18:03:54" />
    <file relUrl="Content/css/prettyPhoto.css" publishTime="03/28/2012 12:42:20" />
    <file relUrl="Content/kendo/style/Default/sprite.png" publishTime="03/19/2013 18:03:54" />
    <file relUrl="Content/kendo/style/CustomThemes/textures/hue.png" publishTime="03/19/2013 18:03:54" />
    <file relUrl="Content/kendo/style/CustomThemes/Default/slider-h.gif" publishTime="07/03/2013 16:26:37" />
    <file relUrl="Content/kendo/style/CustomThemes/Bootstrap/sprite@2x.png" publishTime="03/19/2013 18:03:54" />
    <file relUrl="Content/images/slider/controls/arrow-prev.png" publishTime="08/01/2013 15:39:40" />
    <file relUrl="Content/kendo/style/CustomThemes/textures/stripe1.png" publishTime="03/19/2013 18:03:54" />
    <file relUrl="Content/kendo/style/CustomThemes/textures/dots1.png" publishTime="03/19/2013 18:03:54" />
    <file relUrl="Content/js/jquery-latest.js" publishTime="01/10/2013 17:29:54" />
    <file relUrl="Content/images/latest-projects/manly.jpg" publishTime="08/05/2013 15:30:28" />
    <file relUrl="Content/kendo/style/CustomThemes/Bootstrap/slider-h.gif" publishTime="03/19/2013 18:03:54" />
    <file relUrl="Content/images/project_img1.png" publishTime="08/02/2013 14:09:35" />
    <file relUrl="Content/kendo/style/Default/slider-h.gif" publishTime="03/19/2013 18:03:54" />
    <file relUrl="Scripts/jquery-1.4.1-vsdoc.js" publishTime="08/05/2013 12:27:17" />
    <file relUrl="Content/kendo/style/CustomThemes/textures/noise.png" publishTime="03/19/2013 18:03:54" />
    <file relUrl="Content/kendo/style/CustomThemes/Default/loading-image.gif" publishTime="07/03/2013 16:26:37" />
    <file relUrl="Scripts/jquery-1.4.1.js" publishTime="08/05/2013 12:27:17" />
    <file relUrl="Content/kendo/style/CustomThemes/textures/stripe6.png" publishTime="03/19/2013 18:03:54" />
    <file relUrl="Scripts/jquery.validate.min-vsdoc.js" publishTime="08/05/2013 12:27:17" />
    <file relUrl="Content/kendo/style/CustomThemes/textures/dots6.png" publishTime="03/19/2013 18:03:54" />
    <file relUrl="Content/images/project_Andi.png" publishTime="08/05/2013 15:38:26" />
    <file relUrl="Scripts/jquery-1.4.1.min-vsdoc.js" publishTime="08/05/2013 12:27:17" />
    <file relUrl="Content/images/latest-projects/budjet_larg.jpg" publishTime="08/05/2013 15:22:29" />
    <file relUrl="Content/kendo/style/CustomThemes/BlueOpal/loading.gif" publishTime="03/19/2013 18:03:54" />
    <file relUrl="Content/images/project_img3.png" publishTime="08/02/2013 14:13:36" />
    <file relUrl="Content/kendo/style/CustomThemes/BlueOpal/sprite.png" publishTime="03/19/2013 18:03:54" />
    <file relUrl="Content/images/4column.png" publishTime="03/23/2012 15:18:58" />
    <file relUrl="Content/images/slider/controls/index.html" publishTime="02/29/2012 12:50:48" />
    <file relUrl="Content/kendo/style/CustomThemes/textures/transtexture.png" publishTime="03/19/2013 18:03:54" />
    <file relUrl="Web.config" publishTime="08/12/2013 12:01:39" />
    <file relUrl="Content/images/project_Mobile.png" publishTime="08/05/2013 15:37:51" />
    <file relUrl="Content/kendo/style/Default/loading-image.gif" publishTime="03/19/2013 18:03:54" />
    <file relUrl="Content/images/latest-projects/larger-images/largeimage.jpg" publishTime="08/05/2013 13:53:15" />
    <file relUrl="Content/images/latest-projects/iphone_largicon/Relaxation.png" publishTime="08/06/2013 12:18:13" />
    <file relUrl="Scripts/MicrosoftAjax.debug.js" publishTime="08/05/2013 12:27:17" />
    <file relUrl="Content/kendo/style/Default/slider-v.gif" publishTime="03/19/2013 18:03:54" />
    <file relUrl="Content/images/badge.png" publishTime="08/08/2013 16:41:24" />
    <file relUrl="Content/images/line.png" publishTime="07/31/2013 12:34:02" />
    <file relUrl="Content/images/Carreerloader.gif" publishTime="12/18/2012 12:11:12" />
    <file relUrl="Content/kendo/style/CustomThemes/textures/dots4.png" publishTime="03/19/2013 18:03:54" />
    <file relUrl="Content/images/slider/controls/3.jpg" publishTime="08/01/2013 15:05:48" />
    <file relUrl="Content/images/latest-projects/larger-images/iphone_shotcut.png" publishTime="08/06/2013 10:23:07" />
    <file relUrl="Content/kendo/style/kendo.common.min.css" publishTime="03/19/2013 18:03:54" />
    <file relUrl="Content/images/c_location.png" publishTime="08/05/2013 10:56:33" />
    <file relUrl="Content/kendo/style/CustomThemes/Bootstrap/loading-image.gif" publishTime="03/19/2013 18:03:54" />
    <file relUrl="Content/js/jquery.nivo.slider.js" publishTime="12/13/2011 09:43:44" />
    <file relUrl="Views/Home/AboutUs.aspx" publishTime="08/10/2013 12:21:52" />
    <file relUrl="Content/kendo/style/CustomThemes/BlueOpal/sprite@2x.png" publishTime="03/19/2013 18:03:54" />
    <file relUrl="Content/images/slider/controls/1.jpg" publishTime="08/01/2013 15:05:56" />
    <file relUrl="Content/images/project_Iphone.png" publishTime="08/05/2013 15:37:51" />
    <file relUrl="Content/images/slider.jpg" publishTime="07/31/2013 11:44:53" />
    <file relUrl="Content/images/devloper_line.png" publishTime="07/31/2013 12:40:26" />
    <file relUrl="Content/images/latest-projects/iphone_largicon/dogcute.png" publishTime="08/06/2013 10:44:18" />
    <file relUrl="Content/kendo/style/CustomThemes/textures/leather1.png" publishTime="03/19/2013 18:03:54" />
    <file relUrl="Content/kendo/style/CustomThemes/textures/glass-lighter.png" publishTime="03/19/2013 18:03:54" />
    <file relUrl="Content/css/style.css" publishTime="08/10/2013 15:06:23" />
    <file relUrl="Content/images/calendar_small.png" publishTime="07/30/2013 16:57:03" />
    <file relUrl="Content/js/custom.js" publishTime="08/10/2013 12:53:54" />
    <file relUrl="Content/images/iPad.png" publishTime="08/05/2013 15:52:00" />
    <file relUrl="Views/Home/Portfolio3.aspx" publishTime="08/10/2013 15:58:50" />
    <file relUrl="Content/images/project_Ipad.png" publishTime="08/05/2013 15:33:17" />
    <file relUrl="Content/js/twitter.js" publishTime="03/19/2012 16:31:04" />
    <file relUrl="Content/css/transitions.css" publishTime="07/31/2013 11:40:05" />
    <file relUrl="Content/kendo/style/Default/loading.gif" publishTime="03/19/2013 18:03:54" />
    <file relUrl="Content/kendo/style/kendo.default.min.css" publishTime="08/08/2013 17:00:58" />
    <file relUrl="Content/kendo/style/CustomThemes/textures/dots9.png" publishTime="03/19/2013 18:03:54" />
    <file relUrl="Views/Home/Approach.aspx" publishTime="08/10/2013 12:23:14" />
    <file relUrl="Scripts/MicrosoftAjax.js" publishTime="08/05/2013 12:27:17" />
    <file relUrl="bin/TiaSolutions.Core.dll" publishTime="08/08/2013 14:57:50" />
    <file relUrl="Content/js/jquery.validate.js" publishTime="01/10/2013 17:29:54" />
    <file relUrl="Content/images/contact.png" publishTime="08/01/2013 13:39:57" />
    <file relUrl="Content/js/jquery.isotope.min.js" publishTime="03/23/2012 13:19:00" />
    <file relUrl="Content/images/latest-projects/iphone_largicon/peak.png" publishTime="08/06/2013 12:22:41" />
    <file relUrl="Content/images/slider/controls/Careers.png" publishTime="08/05/2013 14:06:48" />
    <file relUrl="Views/Home/Portfolio1.aspx" publishTime="08/07/2013 11:15:49" />
    <file relUrl="Content/kendo/style/CustomThemes/textures/dots10.png" publishTime="03/19/2013 18:03:54" />
    <file relUrl="Content/kendo/style/CustomThemes/BlueOpal/slider-v.gif" publishTime="03/19/2013 18:03:54" />
    <file relUrl="Content/kendo/style/CustomThemes/textures/stripe5.png" publishTime="03/19/2013 18:03:54" />
    <file relUrl="Content/kendo/style/CustomThemes/textures/dots13.png" publishTime="03/19/2013 18:03:54" />
    <file relUrl="Content/images/tiasolutionsLogo.png" publishTime="08/06/2013 15:57:47" />
    <file relUrl="Scripts/MicrosoftMvcAjax.debug.js" publishTime="08/05/2013 12:27:17" />
    <file relUrl="Content/kendo/style/CustomThemes/BlueOpal/loading-image.gif" publishTime="03/19/2013 18:03:54" />
    <file relUrl="Content/kendo/style/CustomThemes/Default/editor.png" publishTime="07/03/2013 16:26:37" />
    <file relUrl="Content/kendo/style/CustomThemes/textures/transparency.png" publishTime="03/19/2013 18:03:54" />
    <file relUrl="Content/kendo/style/CustomThemes/textures/stripe4.png" publishTime="03/19/2013 18:03:54" />
    <file relUrl="Content/kendo/style/CustomThemes/Default/sprite.png" publishTime="07/03/2013 16:26:37" />
    <file relUrl="Content/kendo/style/CustomThemes/Bootstrap/sprite.png" publishTime="03/19/2013 18:03:54" />
    <file relUrl="Content/images/latest-projects/iphone_largicon/lane cove.png" publishTime="08/05/2013 14:29:18" />
    <file relUrl="Content/kendo/style/CustomThemes/textures/glass.png" publishTime="03/19/2013 18:03:54" />
    <file relUrl="Content/css/media.css" publishTime="08/02/2013 15:21:07" />
    <file relUrl="Content/images/latest-projects/iphone_largicon/Budget Planner.png" publishTime="08/05/2013 15:17:38" />
    <file relUrl="Content/kendo/style/CustomThemes/Bootstrap/editor.png" publishTime="03/19/2013 18:03:54" />
    <file relUrl="Content/kendo/style/CustomThemes/textures/dots11.png" publishTime="03/19/2013 18:03:54" />
    <file relUrl="Scripts/CustomLoader.js" publishTime="08/10/2013 15:56:13" />
    <file relUrl="Content/images/2column.png" publishTime="03/23/2012 15:18:40" />
    <file relUrl="Views/Home/Technologies.aspx" publishTime="08/10/2013 12:29:26" />
    <file relUrl="Content/images/slider/controls/Contactus.png" publishTime="08/05/2013 14:06:48" />
    <file relUrl="Content/images/slider/controls/loading.gif" publishTime="06/01/2011 20:43:46" />
    <file relUrl="bin/TiaSolutions.Core.pdb" publishTime="08/08/2013 14:57:50" />
    <file relUrl="Content/images/mail_small.png" publishTime="07/30/2013 16:57:22" />
    <file relUrl="Content/images/latest-projects/project02.jpg" publishTime="08/05/2013 15:24:05" />
    <file relUrl="Views/Home/ContactUs.aspx" publishTime="08/10/2013 12:24:41" />
    <file relUrl="Content/images/latest-projects/larger-images/budget_larg.png" publishTime="08/06/2013 10:24:34" />
    <file relUrl="Scripts/MicrosoftMvcAjax.js" publishTime="08/05/2013 12:27:17" />
    <file relUrl="Content/images/arow.png" publishTime="08/01/2013 12:21:11" />
    <file relUrl="Content/images/latest-projects/project04.jpg" publishTime="08/05/2013 15:07:53" />
    <file relUrl="Content/images/location.png" publishTime="08/06/2013 10:33:02" />
    <file relUrl="Views/Career/Refresh.ascx" publishTime="08/07/2013 16:06:30" />
    <file relUrl="bin/TiaSolutions.Web.pdb" publishTime="08/10/2013 14:09:23" />
    <file relUrl="Content/images/iphone.png" publishTime="08/05/2013 17:15:31" />
    <file relUrl="Content/kendo/style/Default/sprite@2x.png" publishTime="03/19/2013 18:03:54" />
    <file relUrl="Content/images/project_Website.png" publishTime="08/05/2013 15:37:51" />
    <file relUrl="Content/images/news_frame.png" publishTime="07/30/2013 16:56:18" />
    <file relUrl="Content/Site.css" publishTime="08/05/2013 12:27:17" />
    <file relUrl="Content/kendo/style/CustomThemes/textures/highlight.png" publishTime="03/19/2013 18:03:54" />
    <file relUrl="Content/images/mobile-slider1.png" publishTime="08/05/2013 16:55:50" />
    <file relUrl="Content/kendo/style/CustomThemes/BlueOpal/slider-h.gif" publishTime="03/19/2013 18:03:54" />
    <file relUrl="Content/images/social-slider.png" publishTime="08/02/2013 16:31:24" />
    <file relUrl="Scripts/MicrosoftMvcValidation.js" publishTime="08/05/2013 12:27:17" />
    <file relUrl="Content/kendo/style/CustomThemes/textures/hsv-gradient.png" publishTime="03/19/2013 18:03:54" />
    <file relUrl="Content/images/project_img.png" publishTime="08/01/2013 11:06:56" />
    <file relUrl="Content/CustomLoader.css" publishTime="08/10/2013 15:58:06" />
    <file relUrl="Content/kendo/style/examples-offline.css" publishTime="03/19/2013 18:03:54" />
    <file relUrl="Content/images/project_img4.png" publishTime="08/02/2013 14:14:16" />
    <file relUrl="Content/images/latest-projects/larger-images/manly.png" publishTime="08/06/2013 10:25:41" />
    <file relUrl="Content/kendo/style/CustomThemes/textures/dots7.png" publishTime="03/19/2013 18:03:54" />
    <file relUrl="Content/images/slider/controls/2.jpg" publishTime="08/01/2013 15:05:27" />
    <file relUrl="Content/kendo/style/Default/imagebrowser.png" publishTime="03/19/2013 18:03:54" />
    <file relUrl="tip-yellowsimple/jquery.poshytip.js" publishTime="01/10/2013 17:29:54" />
    <file relUrl="Content/images/project_img2.png" publishTime="08/02/2013 14:12:48" />
    <file relUrl="Content/kendo/style/CustomThemes/Bootstrap/loading.gif" publishTime="03/19/2013 18:03:54" />
    <file relUrl="Content/images/latest-projects/project01.jpg" publishTime="08/05/2013 15:22:29" />
    <file relUrl="Scripts/jquery.validate.min.js" publishTime="08/05/2013 12:27:17" />
    <file relUrl="Views/Shared/Site.Master" publishTime="08/10/2013 15:19:56" />
    <file relUrl="Content/images/latest-projects/iphone_largicon/jamspeak.png" publishTime="08/05/2013 14:35:59" />
    <file relUrl="Content/kendo/js/jquery-1.8.3.min.js" publishTime="03/22/2013 18:54:58" />
    <file relUrl="Views/Career/Index.aspx" publishTime="08/10/2013 11:57:48" />
    <file relUrl="bin/TiaSolutions.Web.dll" publishTime="08/10/2013 14:09:23" />
    <file relUrl="JpegImage.aspx" publishTime="08/07/2013 15:48:02" />
  </publishTarget>
</publishData>